{"license":"","file_hash":null,"name":"MeshToolkitR2","version":"0.9.0","description":"Dynamo MeshToolkit backed by AMT. For more information, visit https://github.com/DynamoDS/Dynamo/wiki/Dynamo-Mesh-Toolkit  WARNING: VERY LARGE DOWNLOAD!","group":"MeshToolkit","keywords":["mesh","geometry","obj"],"dependencies":[],"contents":"","engine_version":"0.9.1.2931","engine":"dynamo","engine_metadata":"","site_url":"","repository_url":"","contains_binaries":true,"node_libraries":["MeshToolkitR2, Version=1.0.0.0, Culture=neutral, PublicKeyToken=null"]}